URL,Image Count,Href Count,Href URLs
https://franchisesuppliernetwork.com/fsn-suppliers/marketing-services/,3,28,"https://franchisesuppliernetwork.com/privacy-policy/
https://franchisesuppliernetwork.com/
https://franchisesuppliernetwork.com/
https://franchisesuppliernetwork.com/assessment/
https://franchisesuppliernetwork.com/fsn-suppliers/
https://franchisesuppliernetwork.com/fsn-suppliers/financial-services/
https://franchisesuppliernetwork.com/fsn-suppliers/human-resources-services/
https://franchisesuppliernetwork.com/fsn-suppliers/marketing-services/
https://franchisesuppliernetwork.com/fsn-suppliers/operation-services/
https://franchisesuppliernetwork.com/fsn-suppliers/real-estate-services/
https://franchisesuppliernetwork.com/fsn-suppliers/legal-services/
https://franchisesuppliernetwork.com/supplier-memberships/
https://franchisesuppliernetwork.com/resources/
https://franchisesuppliernetwork.com/about/
https://franchisesuppliernetwork.com/contact/
https://franchisesuppliernetwork.com/supplier-memberships/
https://franchisesuppliernetwork.com
https://franchisesuppliernetwork.com/fsn-suppliers/
https://franchisesuppliernetwork.com/contact/
https://franchisesuppliernetwork.com/fsn-suppliers/?category=marketing
https://franchisesuppliernetwork.com/about/
https://franchisesuppliernetwork.com/
https://franchisesuppliernetwork.com/assessment/
https://franchisesuppliernetwork.com/fsn-suppliers/
https://franchisesuppliernetwork.com/about/
https://franchisesuppliernetwork.com/contact/
https://franchisesuppliernetwork.com/fsn-members
https://clicktecs.com"
